Adult2OtherChild,Adult2Others,Adult2TargetChild,Adult2unsure,Adultfemale,Adultmale,Childvoc,Media,Multiple_adults,Otherchild2OtherChild,Otherchild2TargetChild,Otherchild2adults,Otherchild2unsure,PID,Unsure_adults,age_YYMMDD,annotate_date_YYYYMMDD,annotator,beginoptions,comments,date_YYYYMMDD,file_name,gender,id,outdir,percents_voc,repeats,researcher_present,sleeping,timestamp_HHMMSS,Childsleep
Categorize language to other child(ren),Categorize language to other adults,Categorize language to target child,Categorize language to someone unknown,0,0,0,Categorize media,0,Categorize language to other child(ren),Categorize language to target child,Categorize language to adults,Categorize language to someone unknown,0,0,180616,17:13.7,Meg,Categorize clip,,20190624,1060_180616_0009.wav,female,1060,/Users/Meg/Box Sync/Diss_data/Fall_2019_LRAP/Daylong_recordings/summer_2019/1060/output,0.899029968,0,0,0,00:04:30,
Categorize language to other child(ren),Categorize language to other child(ren),Categorize language to target child,Categorize language to someone unknown,0,0,0,Categorize media,0,Categorize language to other child(ren),Categorize language to target child,Categorize language to adults,Categorize language to someone unknown,0,0,180616,04:09.3,Meg,Categorize clip,,20190624,1060_180616_0014.wav,female,1060,/Users/Meg/Box Sync/Diss_data/Fall_2019_LRAP/Daylong_recordings/summer_2019/1060/output,0.145671522,0,0,0,00:07:00,
Categorize language to other child(ren),Categorize language to other adults,Categorize language to target child,Categorize language to someone unknown,0,0,0,Categorize media,0,Categorize language to other child(ren),Categorize language to target child,Categorize language to adults,Categorize language to someone unknown,0,0,180616,26:08.4,Meg,Categorize clip,,20190624,1060_180616_0031.wav,female,1060,/Users/Meg/Box Sync/Diss_data/Fall_2019_LRAP/Daylong_recordings/summer_2019/1060/output,0.263342111,0,0,0,00:15:30,
Categorize language to other child(ren),Categorize language to other adults,Categorize language to target child,Categorize language to someone unknown,0,0,0,Categorize media,0,Categorize language to other child(ren),Categorize language to target child,Categorize language to adults,Categorize language to someone unknown,0,0,180616,44:07.0,Meg,Categorize clip,,20190624,1060_180616_0046.wav,female,1060,/Users/Meg/Box Sync/Diss_data/Fall_2019_LRAP/Daylong_recordings/summer_2019/1060/output,0.354345145,1,0,0,00:23:00,
English/Quechua,English/Quechua,Categorize language to target child,Categorize language to someone unknown,1,1,0,Categorize media,1,Categorize language to other child(ren),Categorize language to target child,English/Quechua,Categorize language to someone unknown,0,0,180616,54:32.8,Meg,Categorize clip,,20190624,1060_180616_0108.wav,female,1060,/Users/Meg/Box Sync/Diss_data/Fall_2019_LRAP/Daylong_recordings/summer_2019/1060/output,0.468348945,0,0,0,00:54:00,
Categorize language to other child(ren),English/Quechua,Categorize language to target child,Categorize language to someone unknown,0,1,0,Categorize media,1,Categorize language to other child(ren),Categorize language to target child,Unsure,Categorize language to someone unknown,0,0,180616,46:14.7,Meg,Categorize clip,,20190624,1060_180616_0146.wav,female,1060,/Users/Meg/Box Sync/Diss_data/Fall_2019_LRAP/Daylong_recordings/summer_2019/1060/output,0.206006867,0,0,0,01:13:00,
Spanish,English/Quechua,English/Quechua,Categorize language to someone unknown,1,1,1,Categorize media,1,Categorize language to other child(ren),Categorize language to target child,Categorize language to adults,Categorize language to someone unknown,0,0,180616,29:21.8,Meg,Categorize clip,,20190624,1060_180616_0149.wav,female,1060,/Users/Meg/Box Sync/Diss_data/Fall_2019_LRAP/Daylong_recordings/summer_2019/1060/output,0.461348712,0,0,0,01:14:30,
Spanish,English/Quechua,Categorize language to target child,Categorize language to someone unknown,1,1,0,Categorize media,1,Categorize language to other child(ren),Categorize language to target child,Mixed,Categorize language to someone unknown,0,0,180616,14:37.4,Meg,Categorize clip,,20190624,1060_180616_0158.wav,female,1060,/Users/Meg/Box Sync/Diss_data/Fall_2019_LRAP/Daylong_recordings/summer_2019/1060/output,0.275009167,1,0,0,01:19:00,
Categorize language to other child(ren),English/Quechua,Categorize language to target child,Categorize language to someone unknown,1,1,1,Categorize media,1,Categorize language to other child(ren),Unsure,Spanish,Categorize language to someone unknown,0,0,180616,20:07.3,Meg,Categorize clip,,20190624,1060_180616_0171.wav,female,1060,/Users/Meg/Box Sync/Diss_data/Fall_2019_LRAP/Daylong_recordings/summer_2019/1060/output,0.575352512,0,0,0,01:25:30,
Categorize language to other child(ren),English/Quechua,Categorize language to target child,Categorize language to someone unknown,1,1,1,Categorize media,0,Categorize language to other child(ren),Categorize language to target child,Categorize language to adults,Unsure,1,0,180616,56:11.5,Meg,Categorize clip,,20190624,1060_180616_0175.wav,female,1060,/Users/Meg/Box Sync/Diss_data/Fall_2019_LRAP/Daylong_recordings/summer_2019/1060/output,0.217673922,0,0,0,01:27:30,
Spanish,Categorize language to other adults,Categorize language to target child,Categorize language to someone unknown,0,1,1,Categorize media,0,Categorize language to other child(ren),Categorize language to target child,Spanish,Categorize language to someone unknown,0,0,180616,24:33.1,Meg,Categorize clip,,20190624,1060_180616_0185.wav,female,1060,/Users/Meg/Box Sync/Diss_data/Fall_2019_LRAP/Daylong_recordings/summer_2019/1060/output,0.439681323,0,0,0,01:32:30,
Categorize language to other child(ren),English/Quechua,English/Quechua,Categorize language to someone unknown,1,0,1,Categorize media,1,Categorize language to other child(ren),Categorize language to target child,Categorize language to adults,Categorize language to someone unknown,0,0,180616,15:16.8,Meg,Categorize clip,,20190624,1060_180616_0210.wav,female,1060,/Users/Meg/Box Sync/Diss_data/Fall_2019_LRAP/Daylong_recordings/summer_2019/1060/output,0.652355079,0,0,0,01:45:00,
Categorize language to other child(ren),Categorize language to other adults,Categorize language to target child,Categorize language to someone unknown,0,0,1,Spanish,0,Categorize language to other child(ren),Categorize language to target child,Categorize language to adults,Categorize language to someone unknown,0,0,180616,55:29.4,Meg,Categorize clip,,20190624,1060_180616_0277.wav,female,1060,/Users/Meg/Box Sync/Diss_data/Fall_2019_LRAP/Daylong_recordings/summer_2019/1060/output,0.55268509,0,0,0,02:18:30,
Categorize language to other child(ren),Categorize language to other adults,Categorize language to target child,Categorize language to someone unknown,0,0,1,Spanish,0,Categorize language to other child(ren),Categorize language to target child,Categorize language to adults,Categorize language to someone unknown,0,0,180616,28:32.2,Meg,Categorize clip,,20190624,1060_180616_0287.wav,female,1060,/Users/Meg/Box Sync/Diss_data/Fall_2019_LRAP/Daylong_recordings/summer_2019/1060/output,0.377679256,0,0,0,02:23:30,
Spanish,Categorize language to other adults,Mixed,Categorize language to someone unknown,1,0,1,Spanish,0,Categorize language to other child(ren),Categorize language to target child,Categorize language to adults,Categorize language to someone unknown,0,0,180616,19:18.3,Meg,Categorize clip,,20190624,1060_180616_0293.wav,female,1060,/Users/Meg/Box Sync/Diss_data/Fall_2019_LRAP/Daylong_recordings/summer_2019/1060/output,0.3870129,0,0,0,02:26:30,
Categorize language to other child(ren),Categorize language to other adults,Categorize language to target child,Unsure,1,1,0,Spanish,1,Categorize language to other child(ren),Categorize language to target child,Categorize language to adults,Categorize language to someone unknown,0,0,180616,45:36.6,Meg,Categorize clip,,20190624,1060_180616_0322.wav,female,1060,/Users/Meg/Box Sync/Diss_data/Fall_2019_LRAP/Daylong_recordings/summer_2019/1060/output,0.049001633,0,0,0,02:41:00,
Spanish,Categorize language to other adults,Categorize language to target child,Categorize language to someone unknown,0,1,1,Spanish,0,Categorize language to other child(ren),Categorize language to target child,Categorize language to adults,Spanish,0,0,180616,49:02.1,Meg,Categorize clip,,20190624,1060_180616_0333.wav,female,1060,/Users/Meg/Box Sync/Diss_data/Fall_2019_LRAP/Daylong_recordings/summer_2019/1060/output,0.484682823,0,0,0,02:46:30,
Categorize language to other child(ren),Categorize language to other adults,Categorize language to target child,English/Quechua,0,1,1,Spanish,0,Categorize language to other child(ren),Categorize language to target child,Categorize language to adults,Unsure,0,0,180616,53:19.8,Meg,Categorize clip,,20190624,1060_180616_0334.wav,female,1060,/Users/Meg/Box Sync/Diss_data/Fall_2019_LRAP/Daylong_recordings/summer_2019/1060/output,0.351345045,0,0,0,02:47:00,
Categorize language to other child(ren),English/Quechua,Categorize language to target child,Categorize language to someone unknown,1,0,0,Spanish,0,Categorize language to other child(ren),Categorize language to target child,Categorize language to adults,Categorize language to someone unknown,0,0,180616,18:36.4,Meg,Categorize clip,,20190624,1060_180616_0351.wav,female,1060,/Users/Meg/Box Sync/Diss_data/Fall_2019_LRAP/Daylong_recordings/summer_2019/1060/output,0.746691556,0,0,0,02:55:30,
Categorize language to other child(ren),English/Quechua,Spanish,Categorize language to someone unknown,1,1,1,Spanish,1,Categorize language to other child(ren),Categorize language to target child,Categorize language to adults,Unsure,0,0,180616,13:05.0,Meg,Categorize clip,,20190624,1060_180616_0358.wav,female,1060,/Users/Meg/Box Sync/Diss_data/Fall_2019_LRAP/Daylong_recordings/summer_2019/1060/output,0.493349778,1,0,0,02:59:00,
Categorize language to other child(ren),Categorize language to other adults,Spanish,Categorize language to someone unknown,1,0,1,Spanish,0,Categorize language to other child(ren),Categorize language to target child,Categorize language to adults,Unsure,0,0,180616,22:34.9,Meg,Categorize clip,,20190624,1060_180616_0359.wav,female,1060,/Users/Meg/Box Sync/Diss_data/Fall_2019_LRAP/Daylong_recordings/summer_2019/1060/output,0.690356345,0,0,0,02:59:30,
Spanish,Categorize language to other adults,Categorize language to target child,Categorize language to someone unknown,1,0,0,Spanish,0,English/Quechua,Categorize language to target child,Categorize language to adults,Categorize language to someone unknown,0,0,180616,23:51.5,Meg,Categorize clip,,20190624,1060_180616_0381.wav,female,1060,/Users/Meg/Box Sync/Diss_data/Fall_2019_LRAP/Daylong_recordings/summer_2019/1060/output,0.725357512,1,0,0,03:10:30,
Unsure,Categorize language to other adults,Categorize language to target child,Categorize language to someone unknown,0,1,1,Spanish,0,Spanish,Categorize language to target child,Categorize language to adults,Categorize language to someone unknown,0,0,180616,11:44.2,Meg,Categorize clip,,20190624,1060_180616_0387.wav,female,1060,/Users/Meg/Box Sync/Diss_data/Fall_2019_LRAP/Daylong_recordings/summer_2019/1060/output,0.56468549,2,0,0,03:13:30,
Spanish,English/Quechua,Categorize language to target child,Categorize language to someone unknown,1,1,1,Categorize media,1,Categorize language to other child(ren),Categorize language to target child,Categorize language to adults,Unsure,0,0,180616,52:39.7,Meg,Categorize clip,,20190624,1060_180616_0416.wav,female,1060,/Users/Meg/Box Sync/Diss_data/Fall_2019_LRAP/Daylong_recordings/summer_2019/1060/output,0.753025101,1,0,0,03:28:00,
Categorize language to other child(ren),Categorize language to other adults,Categorize language to target child,English/Quechua,1,0,1,Spanish,0,Categorize language to other child(ren),Categorize language to target child,Categorize language to adults,Spanish,0,0,180616,30:45.9,Meg,Categorize clip,,20190624,1060_180616_0442.wav,female,1060,/Users/Meg/Box Sync/Diss_data/Fall_2019_LRAP/Daylong_recordings/summer_2019/1060/output,0.296343211,1,0,0,03:41:00,
Categorize language to other child(ren),English/Quechua,Categorize language to target child,Categorize language to someone unknown,1,1,1,Categorize media,1,Unsure,Categorize language to target child,Categorize language to adults,Categorize language to someone unknown,0,0,180616,47:31.8,Meg,Categorize clip,,20190624,1060_180616_0445.wav,female,1060,/Users/Meg/Box Sync/Diss_data/Fall_2019_LRAP/Daylong_recordings/summer_2019/1060/output,0.364345478,0,0,0,03:42:30,
Categorize language to other child(ren),Categorize language to other adults,Categorize language to target child,Categorize language to someone unknown,0,0,1,Spanish,0,English/Quechua,Categorize language to target child,Categorize language to adults,Categorize language to someone unknown,0,0,180616,57:56.0,Meg,Categorize clip,,20190624,1060_180616_0461.wav,female,1060,/Users/Meg/Box Sync/Diss_data/Fall_2019_LRAP/Daylong_recordings/summer_2019/1060/output,0.197673256,0,0,0,03:50:30,
Categorize language to other child(ren),Categorize language to other adults,Categorize language to target child,Categorize language to someone unknown,0,0,0,Categorize media,0,Categorize language to other child(ren),Categorize language to target child,Categorize language to adults,Categorize language to someone unknown,0,0,180616,24:33.6,Meg,Categorize clip,,20190624,1060_180616_0496.wav,female,1060,/Users/Meg/Box Sync/Diss_data/Fall_2019_LRAP/Daylong_recordings/summer_2019/1060/output,0,0,0,0,04:08:00,
Categorize language to other child(ren),Categorize language to other adults,Categorize language to target child,Unsure,1,0,0,Categorize media,0,Categorize language to other child(ren),Categorize language to target child,Categorize language to adults,Categorize language to someone unknown,0,0,180616,57:17.3,Meg,Categorize clip,,20190624,1060_180616_0509.wav,female,1060,/Users/Meg/Box Sync/Diss_data/Fall_2019_LRAP/Daylong_recordings/summer_2019/1060/output,0.029000967,1,0,0,04:14:30,
Categorize language to other child(ren),Categorize language to other adults,Categorize language to target child,Categorize language to someone unknown,0,0,1,Categorize media,0,Categorize language to other child(ren),Categorize language to target child,Categorize language to adults,Categorize language to someone unknown,0,0,180616,21:15.2,Meg,Categorize clip,,20190624,1060_180616_0518.wav,female,1060,/Users/Meg/Box Sync/Diss_data/Fall_2019_LRAP/Daylong_recordings/summer_2019/1060/output,0.366345545,0,0,0,04:19:00,
Mixed,Categorize language to other adults,Categorize language to target child,Categorize language to someone unknown,1,0,1,Categorize media,0,Categorize language to other child(ren),Categorize language to target child,Unsure,Categorize language to someone unknown,0,0,180616,25:17.0,Meg,Categorize clip,,20190624,1060_180616_0529.wav,female,1060,/Users/Meg/Box Sync/Diss_data/Fall_2019_LRAP/Daylong_recordings/summer_2019/1060/output,0.360678689,0,0,0,04:24:30,
Categorize language to other child(ren),Mixed,Categorize language to target child,Categorize language to someone unknown,1,0,1,Categorize media,1,Categorize language to other child(ren),Categorize language to target child,Categorize language to adults,Unsure,0,0,180616,09:52.0,Meg,Categorize clip,,20190624,1060_180616_0591.wav,female,1060,/Users/Meg/Box Sync/Diss_data/Fall_2019_LRAP/Daylong_recordings/summer_2019/1060/output,0.3450115,1,0,0,04:55:30,
Categorize language to other child(ren),Categorize language to other adults,Mixed,Categorize language to someone unknown,1,0,0,Categorize media,0,Categorize language to other child(ren),Categorize language to target child,Categorize language to adults,Unsure,0,0,180616,51:25.5,Meg,Categorize clip,,20190624,1060_180616_0618.wav,female,1060,/Users/Meg/Box Sync/Diss_data/Fall_2019_LRAP/Daylong_recordings/summer_2019/1060/output,0.578685956,1,0,0,05:09:00,
Categorize language to other child(ren),Categorize language to other adults,Categorize language to target child,Unsure,1,0,0,Categorize media,0,Categorize language to other child(ren),Categorize language to target child,Categorize language to adults,Categorize language to someone unknown,0,0,180616,26:41.9,Meg,Categorize clip,,20190624,1060_180616_0657.wav,female,1060,/Users/Meg/Box Sync/Diss_data/Fall_2019_LRAP/Daylong_recordings/summer_2019/1060/output,0.035334511,0,0,0,05:28:30,
Unsure,Categorize language to other adults,Categorize language to target child,Categorize language to someone unknown,1,0,1,Categorize media,0,Categorize language to other child(ren),Categorize language to target child,Categorize language to adults,Unsure,0,0,180616,42:40.1,Meg,Categorize clip,,20190624,1060_180616_0675.wav,female,1060,/Users/Meg/Box Sync/Diss_data/Fall_2019_LRAP/Daylong_recordings/summer_2019/1060/output,0.257008567,0,0,0,05:37:30,
Categorize language to other child(ren),English/Quechua,Categorize language to target child,Categorize language to someone unknown,1,0,0,Categorize media,1,Categorize language to other child(ren),Categorize language to target child,Categorize language to adults,Categorize language to someone unknown,0,0,180616,48:12.7,Meg,Categorize clip,,20190624,1060_180616_0684.wav,female,1060,/Users/Meg/Box Sync/Diss_data/Fall_2019_LRAP/Daylong_recordings/summer_2019/1060/output,0.1620054,0,0,0,05:42:00,
Categorize language to other child(ren),English/Quechua,Categorize language to target child,Categorize language to someone unknown,1,0,0,Categorize media,1,Categorize language to other child(ren),Categorize language to target child,Categorize language to adults,Categorize language to someone unknown,0,0,180616,07:58.4,Meg,Categorize clip,,20190624,1060_180616_0689.wav,female,1060,/Users/Meg/Box Sync/Diss_data/Fall_2019_LRAP/Daylong_recordings/summer_2019/1060/output,0.026000867,1,0,0,05:44:30,
Categorize language to other child(ren),English/Quechua,Categorize language to target child,Categorize language to someone unknown,1,0,0,Categorize media,1,Categorize language to other child(ren),Categorize language to target child,Categorize language to adults,Categorize language to someone unknown,0,0,180616,16:39.2,Meg,Categorize clip,,20190624,1060_180616_0705.wav,female,1060,/Users/Meg/Box Sync/Diss_data/Fall_2019_LRAP/Daylong_recordings/summer_2019/1060/output,0.009666989,0,0,0,05:52:30,
Categorize language to other child(ren),Unsure,Categorize language to target child,Categorize language to someone unknown,1,0,0,Categorize media,1,Categorize language to other child(ren),Categorize language to target child,Categorize language to adults,Categorize language to someone unknown,0,0,180616,58:31.6,Meg,Categorize clip,,20190624,1060_180616_0718.wav,female,1060,/Users/Meg/Box Sync/Diss_data/Fall_2019_LRAP/Daylong_recordings/summer_2019/1060/output,0.165338845,0,0,0,05:59:00,
Categorize language to other child(ren),Categorize language to other adults,Categorize language to target child,Categorize language to someone unknown,0,0,0,Categorize media,0,Categorize language to other child(ren),Categorize language to target child,Categorize language to adults,Categorize language to someone unknown,0,0,180616,17:58.9,Meg,Categorize clip,,20190624,1060_180616_0732.wav,female,1060,/Users/Meg/Box Sync/Diss_data/Fall_2019_LRAP/Daylong_recordings/summer_2019/1060/output,0,0,0,0,06:06:00,
Categorize language to other child(ren),English/Quechua,Categorize language to target child,Categorize language to someone unknown,1,0,0,Categorize media,1,Categorize language to other child(ren),Categorize language to target child,Categorize language to adults,Categorize language to someone unknown,0,0,180616,53:53.3,Meg,Categorize clip,,20190624,1060_180616_0739.wav,female,1060,/Users/Meg/Box Sync/Diss_data/Fall_2019_LRAP/Daylong_recordings/summer_2019/1060/output,0.010667022,0,0,0,06:09:30,
Categorize language to other child(ren),Categorize language to other adults,Categorize language to target child,Categorize language to someone unknown,0,0,0,Categorize media,0,Categorize language to other child(ren),Categorize language to target child,Categorize language to adults,Categorize language to someone unknown,0,0,180616,05:16.6,Meg,Categorize clip,,20190624,1060_180616_0750.wav,female,1060,/Users/Meg/Box Sync/Diss_data/Fall_2019_LRAP/Daylong_recordings/summer_2019/1060/output,0,0,0,0,06:15:00,
Categorize language to other child(ren),Categorize language to other adults,Categorize language to target child,English/Quechua,1,0,0,Categorize media,0,Categorize language to other child(ren),Categorize language to target child,Categorize language to adults,Categorize language to someone unknown,0,0,180616,20:41.3,Meg,Categorize clip,,20190624,1060_180616_0757.wav,female,1060,/Users/Meg/Box Sync/Diss_data/Fall_2019_LRAP/Daylong_recordings/summer_2019/1060/output,0.044334811,0,0,0,06:18:30,
Categorize language to other child(ren),English/Quechua,Categorize language to target child,Categorize language to someone unknown,1,0,1,Categorize media,1,Categorize language to other child(ren),Categorize language to target child,Categorize language to adults,Categorize language to someone unknown,0,0,180616,44:42.9,Meg,Categorize clip,,20190624,1060_180616_0767.wav,female,1060,/Users/Meg/Box Sync/Diss_data/Fall_2019_LRAP/Daylong_recordings/summer_2019/1060/output,0.271009034,0,0,0,06:23:30,
Categorize language to other child(ren),Mixed,Categorize language to target child,Categorize language to someone unknown,1,1,0,Categorize media,1,Categorize language to other child(ren),Categorize language to target child,Categorize language to adults,Categorize language to someone unknown,0,0,180616,17:58.0,Meg,Categorize clip,,20190624,1060_180616_0780.wav,female,1060,/Users/Meg/Box Sync/Diss_data/Fall_2019_LRAP/Daylong_recordings/summer_2019/1060/output,0.070002333,0,0,0,06:30:00,
English/Quechua,Categorize language to other adults,Categorize language to target child,Categorize language to someone unknown,1,0,0,Categorize media,0,Categorize language to other child(ren),Categorize language to target child,Mixed,Categorize language to someone unknown,0,0,180616,27:59.2,Meg,Categorize clip,,20190624,1060_180616_0784.wav,female,1060,/Users/Meg/Box Sync/Diss_data/Fall_2019_LRAP/Daylong_recordings/summer_2019/1060/output,0.210340345,0,0,0,06:32:00,
English/Quechua,Categorize language to other adults,Categorize language to target child,Categorize language to someone unknown,1,0,0,Categorize media,0,Categorize language to other child(ren),Categorize language to target child,English/Quechua,Categorize language to someone unknown,0,0,180616,05:16.0,Meg,Categorize clip,,20190624,1060_180616_0785.wav,female,1060,/Users/Meg/Box Sync/Diss_data/Fall_2019_LRAP/Daylong_recordings/summer_2019/1060/output,0.051668389,1,0,0,06:32:30,
Categorize language to other child(ren),English/Quechua,Categorize language to target child,Categorize language to someone unknown,1,1,1,Categorize media,1,Categorize language to other child(ren),Categorize language to target child,Categorize language to adults,Categorize language to someone unknown,0,0,180616,46:50.0,Meg,Categorize clip,,20190624,1060_180616_0809.wav,female,1060,/Users/Meg/Box Sync/Diss_data/Fall_2019_LRAP/Daylong_recordings/summer_2019/1060/output,0.262342078,0,0,0,06:44:30,
Categorize language to other child(ren),English/Quechua,Categorize language to target child,Categorize language to someone unknown,1,1,0,Categorize media,1,Categorize language to other child(ren),Categorize language to target child,Categorize language to adults,Categorize language to someone unknown,0,0,180616,05:51.8,Meg,Categorize clip,,20190624,1060_180616_0810.wav,female,1060,/Users/Meg/Box Sync/Diss_data/Fall_2019_LRAP/Daylong_recordings/summer_2019/1060/output,0.283342778,0,0,0,06:45:00,
Categorize language to other child(ren),English/Quechua,Categorize language to target child,Categorize language to someone unknown,1,1,0,Categorize media,1,Categorize language to other child(ren),Categorize language to target child,Categorize language to adults,Spanish,0,0,180616,27:21.5,Meg,Categorize clip,,20190624,1060_180616_0849.wav,female,1060,/Users/Meg/Box Sync/Diss_data/Fall_2019_LRAP/Daylong_recordings/summer_2019/1060/output,0.419680656,0,0,0,07:04:30,
Unsure,Categorize language to other adults,Categorize language to target child,Categorize language to someone unknown,0,1,0,Categorize media,0,Categorize language to other child(ren),Categorize language to target child,Unsure,Categorize language to someone unknown,0,0,180616,21:51.0,Meg,Categorize clip,,20190624,1060_180616_0920.wav,female,1060,/Users/Meg/Box Sync/Diss_data/Fall_2019_LRAP/Daylong_recordings/summer_2019/1060/output,0.029667656,0,0,0,07:40:00,
Spanish,Categorize language to other adults,Categorize language to target child,Categorize language to someone unknown,1,0,1,Categorize media,0,Categorize language to other child(ren),Categorize language to target child,Categorize language to adults,Categorize language to someone unknown,0,0,180616,08:37.9,Meg,Categorize clip,,20190624,1060_180616_0983.wav,female,1060,/Users/Meg/Box Sync/Diss_data/Fall_2019_LRAP/Daylong_recordings/summer_2019/1060/output,0.282342745,0,0,0,08:11:30,
English/Quechua,Categorize language to other adults,Categorize language to target child,English/Quechua,1,1,0,Categorize media,1,Categorize language to other child(ren),Categorize language to target child,Categorize language to adults,Unsure,0,0,180616,50:19.2,Meg,Categorize clip,,20190624,1060_180616_1029.wav,female,1060,/Users/Meg/Box Sync/Diss_data/Fall_2019_LRAP/Daylong_recordings/summer_2019/1060/output,0.336677889,1,0,0,08:34:30,
English/Quechua,English/Quechua,Categorize language to target child,Categorize language to someone unknown,1,1,1,Categorize media,1,Categorize language to other child(ren),Categorize language to target child,Unsure,Categorize language to someone unknown,0,0,180616,04:12.0,Meg,Categorize clip,,20190624,1060_180616_1016.wav,female,1060,/Users/Meg/Box Sync/Diss_data/Fall_2019_LRAP/Daylong_recordings/summer_2019/1060/output,0.567018901,0,0,0,08:28:00,
Categorize language to other child(ren),Categorize language to other adults,Categorize language to target child,Categorize language to someone unknown,0,0,0,Categorize media,0,Categorize language to other child(ren),Categorize language to target child,Categorize language to adults,Categorize language to someone unknown,0,0,180616,04:44.3,Meg,Unsure speaker and unsure language,,20190624,1060_180616_0798.wav,female,1060,/Users/Meg/Box Sync/Diss_data/Fall_2019_LRAP/Daylong_recordings/summer_2019/1060/output,0.209673656,0,0,0,06:39:00,
Unsure,Categorize language to other adults,Categorize language to target child,Categorize language to someone unknown,0,1,1,Categorize media,0,Categorize language to other child(ren),Categorize language to target child,Unsure,Categorize language to someone unknown,0,0,180616,05:22.4,Meg,Categorize clip,,20190624,1060_180616_0863.wav,female,1060,/Users/Meg/Box Sync/Diss_data/Fall_2019_LRAP/Daylong_recordings/summer_2019/1060/output,0.234674489,0,0,0,07:11:30,
Mixed,Categorize language to other adults,Categorize language to target child,Categorize language to someone unknown,1,1,1,Spanish,1,Categorize language to other child(ren),Categorize language to target child,Spanish,Categorize language to someone unknown,0,0,180616,06:18.0,Meg,Categorize clip,,20190624,1060_180616_0233.wav,female,1060,/Users/Meg/Box Sync/Diss_data/Fall_2019_LRAP/Daylong_recordings/summer_2019/1060/output,0.316343878,0,0,0,01:56:30,
English/Quechua,Mixed,Categorize language to target child,Categorize language to someone unknown,1,1,0,Categorize media,1,Categorize language to other child(ren),Categorize language to target child,Mixed,Categorize language to someone unknown,0,0,180616,07:10.3,Meg,Categorize clip,,20190624,1060_180616_0108.wav,female,1060,/Users/Meg/Box Sync/Diss_data/Fall_2019_LRAP/Daylong_recordings/summer_2019/1060/output,0.468348945,0,0,0,00:54:00,
Categorize language to other child(ren),Categorize language to other adults,Categorize language to target child,English/Quechua,1,0,0,Categorize media,0,Categorize language to other child(ren),Categorize language to target child,Categorize language to adults,Categorize language to someone unknown,0,0,180616,08:09.6,Meg,Categorize clip,,20190624,1060_180616_0760.wav,female,1060,/Users/Meg/Box Sync/Diss_data/Fall_2019_LRAP/Daylong_recordings/summer_2019/1060/output,0.004666822,0,0,0,06:20:00,
Categorize language to other child(ren),Categorize language to other adults,Categorize language to target child,Categorize language to someone unknown,0,0,0,Categorize media,0,Categorize language to other child(ren),Categorize language to target child,Categorize language to adults,Categorize language to someone unknown,0,0,180616,08:42.3,Meg,No speech,,20190624,1060_180616_0560.wav,female,1060,/Users/Meg/Box Sync/Diss_data/Fall_2019_LRAP/Daylong_recordings/summer_2019/1060/output,0.023334111,0,0,0,04:40:00,
Spanish,Categorize language to other adults,Categorize language to target child,Categorize language to someone unknown,1,0,1,Categorize media,0,Categorize language to other child(ren),Categorize language to target child,Categorize language to adults,Categorize language to someone unknown,0,0,180616,09:16.5,Meg,Categorize clip,,20190624,1060_180616_0526.wav,female,1060,/Users/Meg/Box Sync/Diss_data/Fall_2019_LRAP/Daylong_recordings/summer_2019/1060/output,0.0330011,0,0,0,04:23:00,
Categorize language to other child(ren),Categorize language to other adults,Categorize language to target child,Categorize language to someone unknown,0,0,0,Spanish,0,Categorize language to other child(ren),Categorize language to target child,Categorize language to adults,Categorize language to someone unknown,0,0,180616,09:50.0,Meg,Categorize clip,,20190624,1060_180616_0264.wav,female,1060,/Users/Meg/Box Sync/Diss_data/Fall_2019_LRAP/Daylong_recordings/summer_2019/1060/output,0.394679823,0,0,0,02:12:00,
Spanish,Categorize language to other adults,Categorize language to target child,Categorize language to someone unknown,1,0,0,Categorize media,0,Categorize language to other child(ren),Categorize language to target child,Categorize language to adults,Categorize language to someone unknown,0,0,180616,10:24.7,Meg,Categorize clip,,20190624,1060_180616_0532.wav,female,1060,/Users/Meg/Box Sync/Diss_data/Fall_2019_LRAP/Daylong_recordings/summer_2019/1060/output,0.052335078,0,0,0,04:26:00,
Categorize language to other child(ren),English/Quechua,Categorize language to target child,Categorize language to someone unknown,1,0,0,Categorize media,1,Categorize language to other child(ren),Categorize language to target child,Categorize language to adults,Categorize language to someone unknown,0,0,180616,10:58.1,Meg,Categorize clip,,20190624,1060_180616_0778.wav,female,1060,/Users/Meg/Box Sync/Diss_data/Fall_2019_LRAP/Daylong_recordings/summer_2019/1060/output,0.065668856,0,0,0,06:29:00,
Categorize language to other child(ren),Categorize language to other adults,Categorize language to target child,Unsure,1,0,0,Categorize media,0,Categorize language to other child(ren),Categorize language to target child,Categorize language to adults,Categorize language to someone unknown,0,0,180616,13:50.1,Meg,Categorize clip,,20190624,1060_180616_0787.wav,female,1060,/Users/Meg/Box Sync/Diss_data/Fall_2019_LRAP/Daylong_recordings/summer_2019/1060/output,0.047668256,0,0,0,06:33:30,
Categorize language to other child(ren),English/Quechua,Spanish,Categorize language to someone unknown,1,1,1,Spanish,1,Categorize language to other child(ren),Categorize language to target child,Categorize language to adults,Categorize language to someone unknown,0,0,180616,15:24.4,Meg,Categorize clip,,20190624,1060_180616_0343.wav,female,1060,/Users/Meg/Box Sync/Diss_data/Fall_2019_LRAP/Daylong_recordings/summer_2019/1060/output,0.740691356,1,0,0,02:51:30,
Categorize language to other child(ren),English/Quechua,Categorize language to target child,Categorize language to someone unknown,1,1,0,Categorize media,1,Categorize language to other child(ren),Categorize language to target child,Categorize language to adults,Categorize language to someone unknown,0,0,180616,16:01.2,Meg,Categorize clip,,20190624,1060_180616_0792.wav,female,1060,/Users/Meg/Box Sync/Diss_data/Fall_2019_LRAP/Daylong_recordings/summer_2019/1060/output,0.205673522,0,0,0,06:36:00,
Categorize language to other child(ren),Categorize language to other adults,Categorize language to target child,Unsure,1,0,1,Categorize media,0,Spanish,Categorize language to target child,Categorize language to adults,Categorize language to someone unknown,0,0,180616,17:11.0,Meg,Categorize clip,,20190624,1060_180616_0788.wav,female,1060,/Users/Meg/Box Sync/Diss_data/Fall_2019_LRAP/Daylong_recordings/summer_2019/1060/output,0.170339011,1,0,0,06:34:00,
Categorize language to other child(ren),English/Quechua,Categorize language to target child,Categorize language to someone unknown,1,0,1,Spanish,0,Categorize language to other child(ren),Categorize language to target child,Categorize language to adults,Spanish,0,0,180616,17:55.9,Meg,Categorize clip,,20190624,1060_180616_0442.wav,female,1060,/Users/Meg/Box Sync/Diss_data/Fall_2019_LRAP/Daylong_recordings/summer_2019/1060/output,0.296343211,0,0,0,03:41:00,
Categorize language to other child(ren),Categorize language to other adults,Categorize language to target child,Categorize language to someone unknown,0,0,1,Spanish,0,Categorize language to other child(ren),Categorize language to target child,Categorize language to adults,Categorize language to someone unknown,0,0,180616,18:29.8,Meg,Categorize clip,,20190624,1060_180616_0261.wav,female,1060,/Users/Meg/Box Sync/Diss_data/Fall_2019_LRAP/Daylong_recordings/summer_2019/1060/output,0.298343278,0,0,0,02:10:30,
Categorize language to other child(ren),Categorize language to other adults,Categorize language to target child,Unsure,0,1,0,Categorize media,0,Categorize language to other child(ren),Categorize language to target child,Categorize language to adults,Categorize language to someone unknown,0,0,180616,19:03.9,Meg,Categorize clip,,20190624,1060_180616_0944.wav,female,1060,/Users/Meg/Box Sync/Diss_data/Fall_2019_LRAP/Daylong_recordings/summer_2019/1060/output,0.099669989,0,0,0,07:52:00,
English/Quechua,Categorize language to other adults,Categorize language to target child,Categorize language to someone unknown,1,0,0,Categorize media,0,Categorize language to other child(ren),Categorize language to target child,Mixed,Categorize language to someone unknown,0,0,180616,20:14.6,Meg,Categorize clip,,20190624,1060_180616_1002.wav,female,1060,/Users/Meg/Box Sync/Diss_data/Fall_2019_LRAP/Daylong_recordings/summer_2019/1060/output,0.226007534,1,0,0,08:21:00,
Categorize language to other child(ren),Categorize language to other adults,Categorize language to target child,Categorize language to someone unknown,0,0,1,Spanish,0,Categorize language to other child(ren),Unsure,Categorize language to adults,Categorize language to someone unknown,0,0,180616,20:49.8,Meg,Categorize clip,,20190624,1060_180616_0435.wav,female,1060,/Users/Meg/Box Sync/Diss_data/Fall_2019_LRAP/Daylong_recordings/summer_2019/1060/output,0.470349012,0,0,0,03:37:30,
Categorize language to other child(ren),Categorize language to other adults,Categorize language to target child,English/Quechua,1,0,0,Categorize media,0,Unsure,Categorize language to target child,Categorize language to adults,Categorize language to someone unknown,0,0,180616,21:28.5,Meg,Categorize clip,,20190624,1060_180616_0598.wav,female,1060,/Users/Meg/Box Sync/Diss_data/Fall_2019_LRAP/Daylong_recordings/summer_2019/1060/output,0.120337345,0,0,0,04:59:00,
Categorize language to other child(ren),Categorize language to other adults,Categorize language to target child,Categorize language to someone unknown,0,0,0,Categorize media,0,Categorize language to other child(ren),Categorize language to target child,Categorize language to adults,Categorize language to someone unknown,0,0,180616,21:30.2,Meg,Categorize clip,,20190624,1060_180616_0737.wav,female,1060,/Users/Meg/Box Sync/Diss_data/Fall_2019_LRAP/Daylong_recordings/summer_2019/1060/output,0,0,0,0,06:08:30,
Categorize language to other child(ren),Categorize language to other adults,Categorize language to target child,Categorize language to someone unknown,0,0,0,Categorize media,0,Categorize language to other child(ren),Categorize language to target child,Categorize language to adults,Categorize language to someone unknown,0,0,180616,21:30.7,Meg,Categorize clip,,20190624,1060_180616_0049.wav,female,1060,/Users/Meg/Box Sync/Diss_data/Fall_2019_LRAP/Daylong_recordings/summer_2019/1060/output,0.422347412,0,1,0,00:24:30,
Categorize language to other child(ren),Categorize language to other adults,Spanish,Categorize language to someone unknown,0,1,1,Categorize media,0,Spanish,Categorize language to target child,Categorize language to adults,Categorize language to someone unknown,0,0,180616,22:44.5,Meg,Categorize clip,,20190624,1060_180616_0414.wav,female,1060,/Users/Meg/Box Sync/Diss_data/Fall_2019_LRAP/Daylong_recordings/summer_2019/1060/output,0.685356179,1,0,0,03:27:00,
Categorize language to other child(ren),Categorize language to other adults,Categorize language to target child,Categorize language to someone unknown,0,0,0,Spanish,0,Categorize language to other child(ren),Categorize language to target child,Categorize language to adults,Unsure,0,0,180616,23:22.6,Meg,Categorize clip,,20190624,1060_180616_0319.wav,female,1060,/Users/Meg/Box Sync/Diss_data/Fall_2019_LRAP/Daylong_recordings/summer_2019/1060/output,0.2190073,0,0,0,02:39:30,
Categorize language to other child(ren),Categorize language to other adults,Categorize language to target child,Unsure,0,1,0,Categorize media,0,Categorize language to other child(ren),Categorize language to target child,Categorize language to adults,Categorize language to someone unknown,0,0,180616,23:58.8,Meg,Categorize clip,,20190624,1060_180616_0944.wav,female,1060,/Users/Meg/Box Sync/Diss_data/Fall_2019_LRAP/Daylong_recordings/summer_2019/1060/output,0.099669989,0,0,0,07:52:00,
Categorize language to other child(ren),English/Quechua,Categorize language to target child,Categorize language to someone unknown,1,1,1,Categorize media,1,Categorize language to other child(ren),Categorize language to target child,Categorize language to adults,Categorize language to someone unknown,0,0,180616,24:35.0,Meg,Categorize clip,,20190624,1060_180616_0870.wav,female,1060,/Users/Meg/Box Sync/Diss_data/Fall_2019_LRAP/Daylong_recordings/summer_2019/1060/output,0.345344845,0,0,0,07:15:00,
Categorize language to other child(ren),Categorize language to other adults,Categorize language to target child,Categorize language to someone unknown,0,0,0,Spanish,0,Categorize language to other child(ren),Categorize language to target child,Categorize language to adults,Categorize language to someone unknown,0,0,180616,25:10.1,Meg,Categorize clip,,20190624,1060_180616_0346.wav,female,1060,/Users/Meg/Box Sync/Diss_data/Fall_2019_LRAP/Daylong_recordings/summer_2019/1060/output,0.722690756,0,0,0,02:53:00,
Categorize language to other child(ren),Categorize language to other adults,Categorize language to target child,Categorize language to someone unknown,0,0,0,Categorize media,0,Categorize language to other child(ren),Categorize language to target child,Categorize language to adults,Categorize language to someone unknown,0,0,180616,25:11.2,Meg,Categorize clip,,20190624,1060_180616_0032.wav,female,1060,/Users/Meg/Box Sync/Diss_data/Fall_2019_LRAP/Daylong_recordings/summer_2019/1060/output,0.140671356,0,1,0,00:16:00,
Categorize language to other child(ren),Categorize language to other adults,Categorize language to target child,Categorize language to someone unknown,0,0,1,Spanish,0,Categorize language to other child(ren),Categorize language to target child,English/Quechua,Categorize language to someone unknown,0,0,180616,25:49.8,Meg,Categorize clip,,20190624,1060_180616_0374.wav,female,1060,/Users/Meg/Box Sync/Diss_data/Fall_2019_LRAP/Daylong_recordings/summer_2019/1060/output,0.78669289,0,0,0,03:07:00,
English/Quechua,Categorize language to other adults,Categorize language to target child,Categorize language to someone unknown,1,0,0,Categorize media,0,Categorize language to other child(ren),Categorize language to target child,Categorize language to adults,Categorize language to someone unknown,0,0,180616,26:27.4,Meg,Categorize clip,,20190624,1060_180616_1037.wav,female,1060,/Users/Meg/Box Sync/Diss_data/Fall_2019_LRAP/Daylong_recordings/summer_2019/1060/output,0.1980066,0,0,0,08:38:30,
English/Quechua,English/Quechua,Categorize language to target child,Categorize language to someone unknown,1,1,1,Spanish,1,English/Quechua,Categorize language to target child,Categorize language to adults,Categorize language to someone unknown,0,0,180616,27:09.8,Meg,Categorize clip,,20190624,1060_180616_0375.wav,female,1060,/Users/Meg/Box Sync/Diss_data/Fall_2019_LRAP/Daylong_recordings/summer_2019/1060/output,0.828027601,0,0,0,03:07:30,
Categorize language to other child(ren),English/Quechua,Categorize language to target child,Categorize language to someone unknown,1,1,1,Spanish,1,Spanish,Categorize language to target child,Mixed,Categorize language to someone unknown,0,0,180616,28:58.8,Meg,Categorize clip,,20190624,1060_180616_0407.wav,female,1060,/Users/Meg/Box Sync/Diss_data/Fall_2019_LRAP/Daylong_recordings/summer_2019/1060/output,0.483349445,1,0,0,03:23:30,
Categorize language to other child(ren),Categorize language to other adults,Categorize language to target child,Categorize language to someone unknown,0,0,1,Spanish,0,Categorize language to other child(ren),Categorize language to target child,Categorize language to adults,Unsure,0,0,180616,29:38.1,Meg,Categorize clip,,20190624,1060_180616_0440.wav,female,1060,/Users/Meg/Box Sync/Diss_data/Fall_2019_LRAP/Daylong_recordings/summer_2019/1060/output,0.440681356,0,0,0,03:40:00,
Categorize language to other child(ren),English/Quechua,Categorize language to target child,Categorize language to someone unknown,1,1,0,Categorize media,1,Categorize language to other child(ren),Categorize language to target child,Categorize language to adults,Unsure,0,0,180616,30:15.9,Meg,Categorize clip,,20190624,1060_180616_0107.wav,female,1060,/Users/Meg/Box Sync/Diss_data/Fall_2019_LRAP/Daylong_recordings/summer_2019/1060/output,0.266675556,0,0,0,00:53:30,
Categorize language to other child(ren),Categorize language to other adults,Categorize language to target child,Categorize language to someone unknown,0,0,0,Categorize media,0,Categorize language to other child(ren),Categorize language to target child,Categorize language to adults,Categorize language to someone unknown,0,0,180616,30:17.3,Meg,Categorize clip,,20190624,1060_180616_0048.wav,female,1060,/Users/Meg/Box Sync/Diss_data/Fall_2019_LRAP/Daylong_recordings/summer_2019/1060/output,0.448681623,0,1,0,00:24:00,
Categorize language to other child(ren),Categorize language to other adults,Categorize language to target child,Categorize language to someone unknown,0,0,1,Categorize media,0,Categorize language to other child(ren),Categorize language to target child,Categorize language to adults,Categorize language to someone unknown,0,0,180616,30:48.9,Meg,Categorize clip,,20190624,1060_180616_0528.wav,female,1060,/Users/Meg/Box Sync/Diss_data/Fall_2019_LRAP/Daylong_recordings/summer_2019/1060/output,0.109336978,0,0,0,04:24:00,
Categorize language to other child(ren),Categorize language to other adults,Categorize language to target child,Categorize language to someone unknown,0,0,0,Categorize media,0,Categorize language to other child(ren),Categorize language to target child,Categorize language to adults,Categorize language to someone unknown,0,0,180616,30:49.8,Meg,Categorize clip,,20190624,1060_180616_0719.wav,female,1060,/Users/Meg/Box Sync/Diss_data/Fall_2019_LRAP/Daylong_recordings/summer_2019/1060/output,0,0,0,0,05:59:30,
Mixed,Categorize language to other adults,Categorize language to target child,Categorize language to someone unknown,1,0,1,Spanish,0,Categorize language to other child(ren),Categorize language to target child,Mixed,Categorize language to someone unknown,0,0,180616,32:24.2,Meg,Categorize clip,,20190624,1060_180616_0365.wav,female,1060,/Users/Meg/Box Sync/Diss_data/Fall_2019_LRAP/Daylong_recordings/summer_2019/1060/output,0.56468549,1,0,0,03:02:30,
Categorize language to other child(ren),English/Quechua,Categorize language to target child,Categorize language to someone unknown,0,1,1,Spanish,0,Categorize language to other child(ren),Categorize language to target child,Categorize language to adults,Unsure,0,0,180616,33:36.9,Meg,Categorize clip,,20190624,1060_180616_0417.wav,female,1060,/Users/Meg/Box Sync/Diss_data/Fall_2019_LRAP/Daylong_recordings/summer_2019/1060/output,0.815693856,1,0,0,03:28:30,
Categorize language to other child(ren),English/Quechua,Categorize language to target child,Categorize language to someone unknown,1,1,1,Categorize media,1,Categorize language to other child(ren),Categorize language to target child,Categorize language to adults,Categorize language to someone unknown,0,0,180616,56:10.9,Meg,Categorize clip,,20190624,1060_180616_0198.wav,female,1060,/Users/Meg/Box Sync/Diss_data/Fall_2019_LRAP/Daylong_recordings/summer_2019/1060/output,0.382012734,0,0,0,01:39:00,
Categorize language to other child(ren),Categorize language to other adults,Categorize language to target child,English/Quechua,0,1,1,Spanish,0,Categorize language to other child(ren),Categorize language to target child,Categorize language to adults,Unsure,0,0,180616,56:53.8,Meg,Categorize clip,,20190624,1060_180616_0334.wav,female,1060,/Users/Meg/Box Sync/Diss_data/Fall_2019_LRAP/Daylong_recordings/summer_2019/1060/output,0.351345045,0,0,0,02:47:00,
Categorize language to other child(ren),Categorize language to other adults,Categorize language to target child,English/Quechua,1,0,0,Categorize media,1,Categorize language to other child(ren),Categorize language to target child,Categorize language to adults,Categorize language to someone unknown,0,0,180616,57:29.6,Meg,Categorize clip,,20190624,1060_180616_0756.wav,female,1060,/Users/Meg/Box Sync/Diss_data/Fall_2019_LRAP/Daylong_recordings/summer_2019/1060/output,0.009333644,0,0,0,06:18:00,
Categorize language to other child(ren),Categorize language to other adults,Categorize language to target child,Categorize language to someone unknown,0,0,1,Spanish,0,Categorize language to other child(ren),Categorize language to target child,Categorize language to adults,Categorize language to someone unknown,0,0,180616,58:03.2,Meg,Categorize clip,,20190624,1060_180616_0317.wav,female,1060,/Users/Meg/Box Sync/Diss_data/Fall_2019_LRAP/Daylong_recordings/summer_2019/1060/output,0.103336778,0,0,0,02:38:30,
Categorize language to other child(ren),Categorize language to other adults,Categorize language to target child,Categorize language to someone unknown,0,0,0,Categorize media,0,Categorize language to other child(ren),Categorize language to target child,Categorize language to adults,Categorize language to someone unknown,0,0,180616,58:04.6,Meg,Categorize clip,,20190624,1060_180616_0750.wav,female,1060,/Users/Meg/Box Sync/Diss_data/Fall_2019_LRAP/Daylong_recordings/summer_2019/1060/output,0,0,0,0,06:15:00,
Categorize language to other child(ren),Categorize language to other adults,Categorize language to target child,Categorize language to someone unknown,0,0,0,Categorize media,0,Categorize language to other child(ren),Categorize language to target child,Categorize language to adults,Categorize language to someone unknown,0,0,180616,58:05.2,Meg,Categorize clip,,20190624,1060_180616_0066.wav,female,1060,/Users/Meg/Box Sync/Diss_data/Fall_2019_LRAP/Daylong_recordings/summer_2019/1060/output,0.507350245,0,1,0,00:33:00,
Categorize language to other child(ren),Categorize language to other adults,Categorize language to target child,Categorize language to someone unknown,0,0,1,Spanish,0,Spanish,Categorize language to target child,Unsure,Categorize language to someone unknown,0,0,180616,58:44.4,Meg,Categorize clip,,20190624,1060_180616_0475.wav,female,1060,/Users/Meg/Box Sync/Diss_data/Fall_2019_LRAP/Daylong_recordings/summer_2019/1060/output,0.782359412,0,0,0,03:57:30,
Categorize language to other child(ren),English/Quechua,Categorize language to target child,None,1,0,0,Categorize media,1,Categorize language to other child(ren),Categorize language to target child,Categorize language to adults,Categorize language to someone unknown,0,0,180616,59:23.0,Meg,Categorize clip,,20190624,1060_180616_0735.wav,female,1060,/Users/Meg/Box Sync/Diss_data/Fall_2019_LRAP/Daylong_recordings/summer_2019/1060/output,0.010000333,0,0,0,06:07:30,
Categorize language to other child(ren),English/Quechua,Categorize language to target child,Categorize language to someone unknown,1,0,0,Categorize media,1,Categorize language to other child(ren),Categorize language to target child,Categorize language to adults,Categorize language to someone unknown,0,0,180616,59:57.0,Meg,Categorize clip,,20190624,1060_180616_0692.wav,female,1060,/Users/Meg/Box Sync/Diss_data/Fall_2019_LRAP/Daylong_recordings/summer_2019/1060/output,0.020334011,0,0,0,05:46:00,
Mixed,English/Quechua,Categorize language to target child,Categorize language to someone unknown,1,1,0,Categorize media,1,Categorize language to other child(ren),Categorize language to target child,Spanish,Categorize language to someone unknown,0,0,180616,00:43.4,Meg,Categorize clip,,20190624,1060_180616_0933.wav,female,1060,/Users/Meg/Box Sync/Diss_data/Fall_2019_LRAP/Daylong_recordings/summer_2019/1060/output,0.224340811,0,0,0,07:46:30,
Categorize language to other child(ren),Categorize language to other adults,Categorize language to target child,English/Quechua,0,1,1,Spanish,0,Categorize language to other child(ren),Categorize language to target child,Unsure,Categorize language to someone unknown,0,0,180616,02:40.9,Meg,Categorize clip,,20190624,1060_180616_0412.wav,female,1060,/Users/Meg/Box Sync/Diss_data/Fall_2019_LRAP/Daylong_recordings/summer_2019/1060/output,0.343678123,1,0,0,03:26:00,
Categorize language to other child(ren),English/Quechua,Categorize language to target child,Categorize language to someone unknown,1,1,0,Categorize media,1,Categorize language to other child(ren),Categorize language to target child,Categorize language to adults,Categorize language to someone unknown,0,0,180616,03:30.8,Meg,Categorize clip,,20190624,1060_180616_0804.wav,female,1060,/Users/Meg/Box Sync/Diss_data/Fall_2019_LRAP/Daylong_recordings/summer_2019/1060/output,0.167338911,0,0,0,06:42:00,
Categorize language to other child(ren),Categorize language to other adults,English/Quechua,Categorize language to someone unknown,1,0,1,Categorize media,0,Categorize language to other child(ren),Categorize language to target child,Categorize language to adults,Categorize language to someone unknown,0,0,180616,04:45.3,Meg,Categorize clip,,20190624,1060_180616_0511.wav,female,1060,/Users/Meg/Box Sync/Diss_data/Fall_2019_LRAP/Daylong_recordings/summer_2019/1060/output,0.053668456,0,0,0,04:15:30,
Categorize language to other child(ren),English/Quechua,Categorize language to target child,Categorize language to someone unknown,1,0,0,Categorize media,1,Categorize language to other child(ren),Categorize language to target child,Categorize language to adults,Categorize language to someone unknown,0,0,180616,05:19.8,Meg,Categorize clip,,20190624,1060_180616_0718.wav,female,1060,/Users/Meg/Box Sync/Diss_data/Fall_2019_LRAP/Daylong_recordings/summer_2019/1060/output,0.165338845,0,0,0,05:59:00,
Categorize language to other child(ren),Categorize language to other adults,Unsure,Categorize language to someone unknown,1,0,1,No Language,0,Categorize language to other child(ren),Categorize language to target child,Categorize language to adults,Categorize language to someone unknown,0,0,180616,06:04.4,Meg,Categorize clip,"CDS singing, nonsense words",20190624,1060_180616_0402.wav,female,1060,/Users/Meg/Box Sync/Diss_data/Fall_2019_LRAP/Daylong_recordings/summer_2019/1060/output,0.181006034,0,0,0,03:21:00,
Categorize language to other child(ren),Categorize language to other adults,Categorize language to target child,English/Quechua,1,0,0,Categorize media,0,Categorize language to other child(ren),Categorize language to target child,Categorize language to adults,Categorize language to someone unknown,0,0,180616,06:39.5,Meg,Categorize clip,,20190624,1060_180616_0554.wav,female,1060,/Users/Meg/Box Sync/Diss_data/Fall_2019_LRAP/Daylong_recordings/summer_2019/1060/output,0.018667289,0,0,0,04:37:00,
Categorize language to other child(ren),Categorize language to other adults,Categorize language to target child,Categorize language to someone unknown,0,0,0,Categorize media,0,Categorize language to other child(ren),Categorize language to target child,Categorize language to adults,Categorize language to someone unknown,0,0,180616,06:41.1,Meg,Categorize clip,,20190624,1060_180616_0068.wav,female,1060,/Users/Meg/Box Sync/Diss_data/Fall_2019_LRAP/Daylong_recordings/summer_2019/1060/output,0.619020634,0,1,0,00:34:00,
Categorize language to other child(ren),Categorize language to other adults,Categorize language to target child,Categorize language to someone unknown,0,0,1,Categorize media,0,Categorize language to other child(ren),Categorize language to target child,Categorize language to adults,Categorize language to someone unknown,0,0,180616,07:12.2,Meg,Categorize clip,,20190624,1060_180616_0721.wav,female,1060,/Users/Meg/Box Sync/Diss_data/Fall_2019_LRAP/Daylong_recordings/summer_2019/1060/output,0.031334378,0,0,0,06:00:30,
Categorize language to other child(ren),Categorize language to other adults,Categorize language to target child,Unsure,1,0,0,Categorize media,1,Categorize language to other child(ren),Categorize language to target child,Categorize language to adults,Categorize language to someone unknown,0,0,180616,07:54.8,Meg,Categorize clip,,20190624,1060_180616_0751.wav,female,1060,/Users/Meg/Box Sync/Diss_data/Fall_2019_LRAP/Daylong_recordings/summer_2019/1060/output,0.014667156,0,0,0,06:15:30,
Categorize language to other child(ren),Categorize language to other adults,Categorize language to target child,Categorize language to someone unknown,0,0,0,Categorize media,0,Categorize language to other child(ren),Categorize language to target child,Categorize language to adults,Categorize language to someone unknown,0,0,180616,07:55.6,Meg,Categorize clip,,20190624,1060_180616_0031.wav,female,1060,/Users/Meg/Box Sync/Diss_data/Fall_2019_LRAP/Daylong_recordings/summer_2019/1060/output,0.263342111,0,1,0,00:15:30,
Categorize language to other child(ren),Categorize language to other adults,Categorize language to target child,Spanish,1,0,0,Spanish,0,Categorize language to other child(ren),Categorize language to target child,Categorize language to adults,Categorize language to someone unknown,0,0,180616,08:34.1,Meg,Categorize clip,,20190624,1060_180616_0230.wav,female,1060,/Users/Meg/Box Sync/Diss_data/Fall_2019_LRAP/Daylong_recordings/summer_2019/1060/output,0.407013567,0,0,0,01:55:00,
Categorize language to other child(ren),Mixed,Categorize language to target child,Categorize language to someone unknown,1,1,0,Categorize media,1,Categorize language to other child(ren),Categorize language to target child,Categorize language to adults,Unsure,0,0,180616,09:10.4,Meg,Categorize clip,,20190624,1060_180616_0154.wav,female,1060,/Users/Meg/Box Sync/Diss_data/Fall_2019_LRAP/Daylong_recordings/summer_2019/1060/output,0.077335911,0,0,0,01:17:00,
Mixed,Mixed,Categorize language to target child,Categorize language to someone unknown,1,1,0,Categorize media,1,Categorize language to other child(ren),Categorize language to target child,Mixed,Categorize language to someone unknown,0,0,180616,10:22.5,Meg,Categorize clip,,20190624,1060_180616_0864.wav,female,1060,/Users/Meg/Box Sync/Diss_data/Fall_2019_LRAP/Daylong_recordings/summer_2019/1060/output,0.636021201,1,0,0,07:12:00,
Categorize language to other child(ren),Categorize language to other adults,Categorize language to target child,Categorize language to someone unknown,0,0,1,Spanish,0,Categorize language to other child(ren),Spanish,Spanish,Categorize language to someone unknown,0,0,180616,11:02.0,Meg,Categorize clip,,20190624,1060_180616_0405.wav,female,1060,/Users/Meg/Box Sync/Diss_data/Fall_2019_LRAP/Daylong_recordings/summer_2019/1060/output,0.502350078,0,0,0,03:22:30,
Categorize language to other child(ren),English/Quechua,Categorize language to target child,Categorize language to someone unknown,1,0,0,Categorize media,1,Categorize language to other child(ren),Categorize language to target child,Unsure,Categorize language to someone unknown,0,0,180616,11:39.1,Meg,Categorize clip,,20190624,1060_180616_0576.wav,female,1060,/Users/Meg/Box Sync/Diss_data/Fall_2019_LRAP/Daylong_recordings/summer_2019/1060/output,0.092669756,0,0,0,04:48:00,
Categorize language to other child(ren),Categorize language to other adults,Categorize language to target child,Categorize language to someone unknown,0,0,0,Categorize media,0,Categorize language to other child(ren),Categorize language to target child,Categorize language to adults,Categorize language to someone unknown,0,0,180616,11:40.3,Meg,Categorize clip,,20190624,1060_180616_0068.wav,female,1060,/Users/Meg/Box Sync/Diss_data/Fall_2019_LRAP/Daylong_recordings/summer_2019/1060/output,0.619020634,0,1,0,00:34:00,
Categorize language to other child(ren),Categorize language to other adults,Categorize language to target child,English/Quechua,1,0,0,Categorize media,0,Categorize language to other child(ren),Categorize language to target child,Categorize language to adults,Categorize language to someone unknown,0,0,180616,12:18.6,Meg,Categorize clip,,20190624,1060_180616_0718.wav,female,1060,/Users/Meg/Box Sync/Diss_data/Fall_2019_LRAP/Daylong_recordings/summer_2019/1060/output,0.165338845,0,0,0,05:59:00,
Categorize language to other child(ren),Categorize language to other adults,Categorize language to target child,English/Quechua,0,1,0,Categorize media,0,Categorize language to other child(ren),Categorize language to target child,Categorize language to adults,Categorize language to someone unknown,0,0,180616,12:53.3,Meg,Categorize clip,,20190624,1060_180616_0960.wav,female,1060,/Users/Meg/Box Sync/Diss_data/Fall_2019_LRAP/Daylong_recordings/summer_2019/1060/output,0.058335278,0,0,0,08:00:00,
Categorize language to other child(ren),Categorize language to other adults,Categorize language to target child,Categorize language to someone unknown,0,0,1,Spanish,0,Spanish,Spanish,Categorize language to adults,Categorize language to someone unknown,0,0,180616,13:31.2,Meg,Categorize clip,,20190624,1060_180616_0383.wav,female,1060,/Users/Meg/Box Sync/Diss_data/Fall_2019_LRAP/Daylong_recordings/summer_2019/1060/output,0.647688256,0,0,0,03:11:30,
Categorize language to other child(ren),Categorize language to other adults,Categorize language to target child,Categorize language to someone unknown,0,0,0,Categorize media,0,Categorize language to other child(ren),Categorize language to target child,Spanish,Categorize language to someone unknown,0,0,180616,14:07.2,Meg,Categorize clip,,20190624,1060_180616_0500.wav,female,1060,/Users/Meg/Box Sync/Diss_data/Fall_2019_LRAP/Daylong_recordings/summer_2019/1060/output,0.142338078,0,0,0,04:10:00,
Categorize language to other child(ren),Spanish,Categorize language to target child,Unsure,1,1,0,Spanish,1,Categorize language to other child(ren),Categorize language to target child,Categorize language to adults,Unsure,0,0,180616,15:24.0,Meg,Categorize clip,,20190624,1060_180616_0223.wav,female,1060,/Users/Meg/Box Sync/Diss_data/Fall_2019_LRAP/Daylong_recordings/summer_2019/1060/output,0.649354978,1,0,0,01:51:30,
Mixed,None,Categorize language to target child,Categorize language to someone unknown,1,1,0,Categorize media,1,Categorize language to other child(ren),Categorize language to target child,Spanish,Categorize language to someone unknown,0,0,180616,16:13.2,Meg,Categorize clip,,20190624,1060_180616_0990.wav,female,1060,/Users/Meg/Box Sync/Diss_data/Fall_2019_LRAP/Daylong_recordings/summer_2019/1060/output,0.396346545,0,0,0,08:15:00,
Categorize language to other child(ren),Categorize language to other adults,Categorize language to target child,Categorize language to someone unknown,0,0,0,Categorize media,0,Categorize language to other child(ren),Categorize language to target child,Categorize language to adults,Categorize language to someone unknown,0,0,180616,16:13.7,Meg,Categorize clip,,20190624,1060_180616_0001.wav,female,1060,/Users/Meg/Box Sync/Diss_data/Fall_2019_LRAP/Daylong_recordings/summer_2019/1060/output,0.052668422,0,1,0,00:00:30,
Categorize language to other child(ren),English/Quechua,Categorize language to target child,Categorize language to someone unknown,1,1,0,Categorize media,1,Categorize language to other child(ren),Categorize language to target child,Categorize language to adults,Categorize language to someone unknown,0,0,180616,46:36.2,Meg,Categorize clip,,20190624,1060_180616_0889.wav,female,1060,/Users/Meg/Box Sync/Diss_data/Fall_2019_LRAP/Daylong_recordings/summer_2019/1060/output,0.046001533,0,0,0,07:24:30,
Categorize language to other child(ren),Categorize language to other adults,Categorize language to target child,Categorize language to someone unknown,0,0,0,Categorize media,0,Categorize language to other child(ren),Categorize language to target child,Categorize language to adults,Categorize language to someone unknown,0,0,180616,46:37.4,Meg,Categorize clip,,20190624,1060_180616_1054.wav,female,1060,/Users/Meg/Box Sync/Diss_data/Fall_2019_LRAP/Daylong_recordings/summer_2019/1060/output,0.360345345,0,1,0,08:47:00,
Categorize language to other child(ren),English/Quechua,Categorize language to target child,Categorize language to someone unknown,1,1,1,Spanish,1,Categorize language to other child(ren),Categorize language to target child,Categorize language to adults,Unsure,0,0,180616,47:16.7,Meg,Categorize clip,,20190624,1060_180616_0311.wav,female,1060,/Users/Meg/Box Sync/Diss_data/Fall_2019_LRAP/Daylong_recordings/summer_2019/1060/output,0.295009834,0,0,0,02:35:30,
Categorize language to other child(ren),English/Quechua,Categorize language to target child,Categorize language to someone unknown,1,0,1,Categorize media,1,Categorize language to other child(ren),Categorize language to target child,Categorize language to adults,Categorize language to someone unknown,0,0,180616,47:55.7,Meg,Categorize clip,,20190624,1060_180616_0770.wav,female,1060,/Users/Meg/Box Sync/Diss_data/Fall_2019_LRAP/Daylong_recordings/summer_2019/1060/output,0.532351078,0,0,0,06:25:00,
Categorize language to other child(ren),Categorize language to other adults,Categorize language to target child,Categorize language to someone unknown,0,0,0,Categorize media,0,Categorize language to other child(ren),Categorize language to target child,Categorize language to adults,Categorize language to someone unknown,0,0,180616,48:27.9,Meg,Unsure speaker and unsure language,,20190624,1060_180616_0655.wav,female,1060,/Users/Meg/Box Sync/Diss_data/Fall_2019_LRAP/Daylong_recordings/summer_2019/1060/output,0.058001933,0,0,0,05:27:30,
Categorize language to other child(ren),English/Quechua,Categorize language to target child,Categorize language to someone unknown,1,0,1,Categorize media,1,Categorize language to other child(ren),Categorize language to target child,Categorize language to adults,Categorize language to someone unknown,0,0,180616,49:02.1,Meg,Categorize clip,,20190624,1060_180616_0623.wav,female,1060,/Users/Meg/Box Sync/Diss_data/Fall_2019_LRAP/Daylong_recordings/summer_2019/1060/output,0.173672456,0,0,0,05:11:30,
Categorize language to other child(ren),Categorize language to other adults,Categorize language to target child,Categorize language to someone unknown,0,0,1,Spanish,0,Categorize language to other child(ren),Categorize language to target child,Categorize language to adults,Categorize language to someone unknown,0,0,180616,49:35.4,Meg,Categorize clip,,20190624,1060_180616_0275.wav,female,1060,/Users/Meg/Box Sync/Diss_data/Fall_2019_LRAP/Daylong_recordings/summer_2019/1060/output,0.427680923,0,0,0,02:17:30,
Categorize language to other child(ren),English/Quechua,Categorize language to target child,Categorize language to someone unknown,1,1,0,Categorize media,1,Categorize language to other child(ren),Categorize language to target child,Categorize language to adults,Categorize language to someone unknown,0,0,180616,50:10.7,Meg,Categorize clip,,20190624,1060_180616_0934.wav,female,1060,/Users/Meg/Box Sync/Diss_data/Fall_2019_LRAP/Daylong_recordings/summer_2019/1060/output,0.378679289,0,0,0,07:47:00,
Unsure,Categorize language to other adults,Categorize language to target child,Categorize language to someone unknown,0,1,1,Spanish,0,Categorize language to other child(ren),Categorize language to target child,Spanish,Categorize language to someone unknown,0,0,180616,51:33.4,Meg,Categorize clip,,20190624,1060_180616_0444.wav,female,1060,/Users/Meg/Box Sync/Diss_data/Fall_2019_LRAP/Daylong_recordings/summer_2019/1060/output,0.2340078,1,0,0,03:42:00,
Categorize language to other child(ren),Categorize language to other adults,Categorize language to target child,Categorize language to someone unknown,0,0,0,Spanish,0,Unsure,Categorize language to target child,Categorize language to adults,Categorize language to someone unknown,0,0,180616,52:11.1,Meg,Categorize clip,,20190624,1060_180616_0394.wav,female,1060,/Users/Meg/Box Sync/Diss_data/Fall_2019_LRAP/Daylong_recordings/summer_2019/1060/output,0.747358245,0,0,0,03:17:00,
Categorize language to other child(ren),Categorize language to other adults,English/Quechua,Categorize language to someone unknown,1,0,0,Categorize media,0,Categorize language to other child(ren),Categorize language to target child,Categorize language to adults,Categorize language to someone unknown,0,0,180616,52:43.8,Meg,Categorize clip,,20190624,1060_180616_0619.wav,female,1060,/Users/Meg/Box Sync/Diss_data/Fall_2019_LRAP/Daylong_recordings/summer_2019/1060/output,0.126337545,0,0,0,05:09:30,
Mixed,Categorize language to other adults,Categorize language to target child,Categorize language to someone unknown,1,1,0,Spanish,1,Categorize language to other child(ren),Categorize language to target child,Mixed,Unsure,0,0,180616,54:10.6,Meg,Categorize clip,,20190624,1060_180616_0460.wav,female,1060,/Users/Meg/Box Sync/Diss_data/Fall_2019_LRAP/Daylong_recordings/summer_2019/1060/output,0.491016367,1,0,0,03:50:00,
Categorize language to other child(ren),Categorize language to other adults,Categorize language to target child,Categorize language to someone unknown,0,0,0,Categorize media,0,Categorize language to other child(ren),Categorize language to target child,Categorize language to adults,Categorize language to someone unknown,0,0,180616,54:45.2,Meg,No speech,,20190624,1060_180616_0846.wav,female,1060,/Users/Meg/Box Sync/Diss_data/Fall_2019_LRAP/Daylong_recordings/summer_2019/1060/output,0.010667022,0,0,0,07:03:00,
Categorize language to other child(ren),Categorize language to other adults,Categorize language to target child,Categorize language to someone unknown,0,0,0,Categorize media,0,Spanish,Categorize language to target child,Categorize language to adults,Categorize language to someone unknown,0,0,180616,55:19.6,Meg,Categorize clip,,20190624,1060_180616_1046.wav,female,1060,/Users/Meg/Box Sync/Diss_data/Fall_2019_LRAP/Daylong_recordings/summer_2019/1060/output,0.167005567,0,0,0,08:43:00,
Categorize language to other child(ren),English/Quechua,Categorize language to target child,Categorize language to someone unknown,1,1,1,Spanish,1,Categorize language to other child(ren),Categorize language to target child,Categorize language to adults,Categorize language to someone unknown,0,0,180616,55:58.0,Meg,Categorize clip,,20190624,1060_180616_0253.wav,female,1060,/Users/Meg/Box Sync/Diss_data/Fall_2019_LRAP/Daylong_recordings/summer_2019/1060/output,0.201340045,0,0,0,02:06:30,
Spanish,Unsure,Categorize language to target child,Categorize language to someone unknown,1,1,1,Categorize media,1,Categorize language to other child(ren),Categorize language to target child,Spanish,Categorize language to someone unknown,0,0,180616,57:09.6,Meg,Categorize clip,,20190624,1060_180616_1013.wav,female,1060,/Users/Meg/Box Sync/Diss_data/Fall_2019_LRAP/Daylong_recordings/summer_2019/1060/output,0.358345278,1,0,0,08:26:30,
Unsure,Categorize language to other adults,Categorize language to target child,English/Quechua,1,1,0,Spanish,1,Categorize language to other child(ren),Spanish,Spanish,Categorize language to someone unknown,0,0,180616,59:10.8,Meg,Categorize clip,,20190624,1060_180616_0443.wav,female,1060,/Users/Meg/Box Sync/Diss_data/Fall_2019_LRAP/Daylong_recordings/summer_2019/1060/output,0.448348278,1,0,0,03:41:30,
Categorize language to other child(ren),Categorize language to other adults,Categorize language to target child,Categorize language to someone unknown,0,0,0,Categorize media,0,Categorize language to other child(ren),Categorize language to target child,Categorize language to adults,Categorize language to someone unknown,0,0,180616,59:11.3,Meg,Categorize clip,,20190624,1060_180616_0002.wav,female,1060,/Users/Meg/Box Sync/Diss_data/Fall_2019_LRAP/Daylong_recordings/summer_2019/1060/output,0.077335911,0,1,0,00:01:00,
Categorize language to other child(ren),English/Quechua,Categorize language to target child,Categorize language to someone unknown,1,0,0,Categorize media,1,Categorize language to other child(ren),Categorize language to target child,Categorize language to adults,Categorize language to someone unknown,0,0,180616,59:46.8,Meg,Categorize clip,,20190624,1060_180616_0712.wav,female,1060,/Users/Meg/Box Sync/Diss_data/Fall_2019_LRAP/Daylong_recordings/summer_2019/1060/output,0.049668322,0,0,0,05:56:00,
Categorize language to other child(ren),English/Quechua,Categorize language to target child,Categorize language to someone unknown,1,0,0,Categorize media,1,Categorize language to other child(ren),Categorize language to target child,Unsure,Categorize language to someone unknown,0,0,180616,00:23.3,Meg,Categorize clip,,20190624,1060_180616_0569.wav,female,1060,/Users/Meg/Box Sync/Diss_data/Fall_2019_LRAP/Daylong_recordings/summer_2019/1060/output,0.596686556,0,0,0,04:44:30,
Spanish,English/Quechua,Categorize language to target child,Categorize language to someone unknown,1,1,0,Categorize media,1,Categorize language to other child(ren),Categorize language to target child,Spanish,Categorize language to someone unknown,0,0,180616,01:02.2,Meg,Categorize clip,,20190624,1060_180616_0820.wav,female,1060,/Users/Meg/Box Sync/Diss_data/Fall_2019_LRAP/Daylong_recordings/summer_2019/1060/output,0.336677889,0,0,0,06:50:00,
Categorize language to other child(ren),English/Quechua,Categorize language to target child,Categorize language to someone unknown,1,0,0,Categorize media,1,Categorize language to other child(ren),Categorize language to target child,Categorize language to adults,Categorize language to someone unknown,0,0,180616,01:35.8,Meg,Categorize clip,,20190624,1060_180616_0759.wav,female,1060,/Users/Meg/Box Sync/Diss_data/Fall_2019_LRAP/Daylong_recordings/summer_2019/1060/output,0.036334544,0,0,0,06:19:30,
Categorize language to other child(ren),Categorize language to other adults,Categorize language to target child,Categorize language to someone unknown,0,0,1,Spanish,0,Categorize language to other child(ren),Spanish,Categorize language to adults,Spanish,0,0,180616,02:16.2,Meg,Categorize clip,,20190624,1060_180616_0447.wav,female,1060,/Users/Meg/Box Sync/Diss_data/Fall_2019_LRAP/Daylong_recordings/summer_2019/1060/output,0.341011367,0,0,0,03:43:30,
Categorize language to other child(ren),Categorize language to other adults,Categorize language to target child,Categorize language to someone unknown,0,0,0,Categorize media,0,Categorize language to other child(ren),Categorize language to target child,Categorize language to adults,Categorize language to someone unknown,0,0,180616,02:16.6,Meg,Categorize clip,,20190624,1060_180616_0071.wav,female,1060,/Users/Meg/Box Sync/Diss_data/Fall_2019_LRAP/Daylong_recordings/summer_2019/1060/output,0.244008134,0,1,0,00:35:30,
Categorize language to other child(ren),Categorize language to other adults,Categorize language to target child,Categorize language to someone unknown,0,0,0,Categorize media,0,Categorize language to other child(ren),Categorize language to target child,Categorize language to adults,Categorize language to someone unknown,0,0,180616,02:48.5,Meg,No speech,,20190624,1060_180616_0558.wav,female,1060,/Users/Meg/Box Sync/Diss_data/Fall_2019_LRAP/Daylong_recordings/summer_2019/1060/output,0.040668022,0,0,0,04:39:00,
Categorize language to other child(ren),Mixed,Categorize language to target child,Categorize language to someone unknown,1,0,1,Spanish,1,Categorize language to other child(ren),Unsure,Categorize language to adults,Categorize language to someone unknown,0,0,180616,03:42.1,Meg,Categorize clip,"examples of sibling speaking to target child, nonsense words",20190624,1060_180616_0307.wav,female,1060,/Users/Meg/Box Sync/Diss_data/Fall_2019_LRAP/Daylong_recordings/summer_2019/1060/output,0.422680756,0,0,0,02:33:30,
Mixed,English/Quechua,Categorize language to target child,Categorize language to someone unknown,1,0,0,Categorize media,1,Categorize language to other child(ren),Categorize language to target child,Spanish,Categorize language to someone unknown,0,0,180616,04:24.7,Meg,Categorize clip,,20190624,1060_180616_0093.wav,female,1060,/Users/Meg/Box Sync/Diss_data/Fall_2019_LRAP/Daylong_recordings/summer_2019/1060/output,0.234674489,0,0,0,00:46:30,
Categorize language to other child(ren),Mixed,Categorize language to target child,Categorize language to someone unknown,1,1,1,Spanish,1,Categorize language to other child(ren),Unsure,Categorize language to adults,Categorize language to someone unknown,0,0,180616,05:08.5,Meg,Categorize clip,,20190624,1060_180616_0307.wav,female,1060,/Users/Meg/Box Sync/Diss_data/Fall_2019_LRAP/Daylong_recordings/summer_2019/1060/output,0.422680756,0,0,0,02:33:30,